time_us,envelope_normalized,real,imag,doppler_hz,model
0.0,0.7701513446731426,-0.20007468318703836,0.07446621214662252,208.33333333333334,rayleigh
1.1291585127201567,0.7027109482496016,-0.19403687052062496,-0.017101134508809443,208.33333333333334,rayleigh
2.2583170254403133,0.7987681670733874,-0.20302322379388713,0.08835436998705812,208.33333333333334,rayleigh
3.38747553816047,0.9493247090686128,-0.23067092963026364,0.12664346100812549,208.33333333333334,rayleigh
4.516634050880627,1.1265952465637767,-0.26744028119119445,0.16124404202032244,208.33333333333334,rayleigh
5.645792563600784,1.3579291265770803,-0.28546261101839077,0.2453527635463171,208.33333333333334,rayleigh
6.77495107632094,1.3649837528235231,-0.3110128579729837,0.21548520198334287,208.33333333333334,rayleigh
7.904109589041097,1.4853113545821153,-0.3890879066109007,0.13463468665118067,208.33333333333334,rayleigh
9.033268101761253,1.1908991878436428,-0.3190856842389213,0.08461065519509763,208.33333333333334,rayleigh
10.162426614481411,1.0240214905284752,-0.280295093386323,0.04481528961504725,208.33333333333334,rayleigh
11.291585127201568,0.8867173216239492,-0.2403572404071711,0.05141537952682253,208.33333333333334,rayleigh
12.420743639921723,0.7321041251550404,-0.18879866660444997,0.07442017990610673,208.33333333333334,rayleigh
13.54990215264188,0.7566475966506021,-0.14308909339397144,0.1533505824012867,208.33333333333334,rayleigh
14.679060665362037,0.4404873778329211,-0.09778993869872128,0.07311577738779383,208.33333333333334,rayleigh
15.808219178082194,0.2195177446852821,-0.007690606094430553,0.060361593156188074,208.33333333333334,rayleigh
16.93737769080235,0.33679027837638337,-0.012577968418491877,0.09250588758819045,208.33333333333334,rayleigh
18.066536203522507,0.2077368144047725,0.054207012829457016,-0.019429538265043494,208.33333333333334,rayleigh
19.195694716242663,0.14655044953496993,0.03260986793695894,-0.024224915192700487,208.33333333333334,rayleigh
20.324853228962823,0.38695669545730543,0.10040674578161111,-0.0377338589546181,208.33333333333334,rayleigh
21.45401174168298,0.1877771018635334,0.006614901020893688,-0.05162911520972668,208.33333333333334,rayleigh
22.583170254403136,0.2906007797957134,0.03801342751635171,-0.07102005334295931,208.33333333333334,rayleigh
23.71232876712329,0.5557171287810181,0.04725966418760284,-0.1466141834217446,208.33333333333334,rayleigh
24.841487279843445,0.20795347581579363,0.008917780362688883,-0.0569499843870696,208.33333333333334,rayleigh
25.970645792563605,0.36052280048694196,-0.027566803915920847,-0.09605834658171837,208.33333333333334,rayleigh
27.09980430528376,0.8867975828772415,0.10451449238430648,-0.2224922529055657,208.33333333333334,rayleigh
28.228962818003918,0.9742795122169771,0.20199820896313858,-0.17925632337853006,208.33333333333334,rayleigh
29.358121330724074,1.291756392116059,0.21568164633113474,-0.2858247505524055,208.33333333333334,rayleigh
30.48727984344423,1.3410409764348858,0.25992223450250357,-0.2657536355146529,208.33333333333334,rayleigh
31.616438356164387,1.3078555847010267,0.30231071012879174,-0.20009594679378143,208.33333333333334,rayleigh
32.74559686888454,1.1492221262834668,0.26647061568258107,-0.17456831335364925,208.33333333333334,rayleigh
33.8747553816047,1.2061542544812545,0.2526206606263547,-0.2190141227290887,208.33333333333334,rayleigh
35.00391389432486,1.1413198722106765,0.21969068176664802,-0.2276530021744926,208.33333333333334,rayleigh
36.13307240704501,1.353396659573874,0.2700145034006268,-0.2604511247788825,208.33333333333334,rayleigh
37.26223091976517,1.6237156783757525,0.3242928324650457,-0.31211154235134175,208.33333333333334,rayleigh
38.391389432485326,1.3823422164838939,0.3233302067695786,-0.20563267529407803,208.33333333333334,rayleigh
39.520547945205486,1.5180172964705934,0.35109644684230074,-0.2319368766454175,208.33333333333334,rayleigh
40.649706457925646,1.577320735093304,0.3456681510648129,-0.26773427889068213,208.33333333333334,rayleigh
41.7788649706458,1.187426578364219,0.2568764777091269,-0.2058021092784933,208.33333333333334,rayleigh
42.90802348336596,1.213307193028977,0.2834722668854161,-0.18099070272256468,208.33333333333334,rayleigh
44.03718199608611,1.2405837587329556,0.2644166756461495,-0.2198659315836385,208.33333333333334,rayleigh
45.16634050880627,1.065941631963391,0.2927006585394597,-0.040397533300289494,208.33333333333334,rayleigh
46.295499021526425,1.2960592240389617,0.35706966904618237,-0.039638327456022145,208.33333333333334,rayleigh
47.42465753424658,1.174565310484282,0.30768656001965106,0.10646509365486953,208.33333333333334,rayleigh
48.55381604696674,0.9458291399131753,0.2571764390822616,0.05097940475212719,208.33333333333334,rayleigh
49.68297455968689,0.8618492547334563,0.23878587158409936,0.007434625484184183,208.33333333333334,rayleigh
50.81213307240705,0.6167366837735823,0.12945157673501706,0.11166318611339339,208.33333333333334,rayleigh
51.94129158512721,0.3043794431777933,0.05838580642917976,0.06090883151033334,208.33333333333334,rayleigh
53.07045009784736,0.35276495389898505,0.02329728811184358,0.09496937723456106,208.33333333333334,rayleigh
54.19960861056752,0.15571914892320013,0.002039449048432514,0.04311659362762781,208.33333333333334,rayleigh
55.328767123287676,0.2505048893882802,-0.058613476408248814,-0.03723231705885505,208.33333333333334,rayleigh
56.457925636007836,0.37079386638387324,-0.06415835103116048,-0.08029944506271042,208.33333333333334,rayleigh
57.587084148727996,0.4349091495117626,-0.11712359145922996,0.028559437917620795,208.33333333333334,rayleigh
58.71624266144815,0.8437562524676564,-0.22657148677258002,0.05803573693596401,208.33333333333334,rayleigh
59.84540117416831,1.0014905137641632,-0.2572980437969939,0.10423451231784314,208.33333333333334,rayleigh
60.97455968688846,0.771474702599493,-0.2117692005001164,0.029760041574328856,208.33333333333334,rayleigh
62.103718199608615,0.8047748131101664,-0.22301032833567275,-0.005604782437522849,208.33333333333334,rayleigh
63.232876712328775,0.8765237964935647,-0.24091002561798613,0.03156654941800735,208.33333333333334,rayleigh
64.36203522504893,1.307542226825554,-0.35279932969006966,-0.08306511564039051,208.33333333333334,rayleigh
65.49119373776908,1.3972944035881016,-0.3779055639946353,-0.08490061083851687,208.33333333333334,rayleigh
66.62035225048925,1.4350608631166755,-0.38577014315940555,-0.09706350223276418,208.33333333333334,rayleigh
67.7495107632094,1.8028560225992238,-0.48691787621692795,-0.11250064864001566,208.33333333333334,rayleigh
68.87866927592955,1.8655468575288419,-0.4452888673661395,-0.26293354854040407,208.33333333333334,rayleigh
70.00782778864972,2.17652798726375,-0.5415225582421095,-0.2659989945052872,208.33333333333334,rayleigh
71.13698630136987,1.9728781615983695,-0.4749083917597417,-0.2711718327381307,208.33333333333334,rayleigh
72.26614481409003,1.675912594963916,-0.430939157852707,-0.1735071195782822,208.33333333333334,rayleigh
73.3953033268102,1.026115900187688,-0.2565789997982248,-0.12276357388468202,208.33333333333334,rayleigh
74.52446183953035,1.061543791813,-0.26983776183537905,-0.11736395104271914,208.33333333333334,rayleigh
75.6536203522505,1.224189120367223,-0.2989363288163576,-0.16059056828984905,208.33333333333334,rayleigh
76.78277886497065,1.1120210441814657,-0.23841907338021046,-0.1953800755639423,208.33333333333334,rayleigh
77.91193737769082,0.8301890987335966,-0.22543097916488675,-0.046245202353203264,208.33333333333334,rayleigh
79.04109589041097,0.7819280367053254,-0.2133387918185807,0.03829002739918882,208.33333333333334,rayleigh
80.17025440313112,1.0185427044310038,-0.274376254526653,0.06656985185398671,208.33333333333334,rayleigh
81.29941291585129,0.8598418086820702,-0.2297684736161565,0.0633628234199989,208.33333333333334,rayleigh
82.42857142857144,0.5956312358783639,-0.12584985910122276,0.10687420678467785,208.33333333333334,rayleigh
83.5577299412916,0.4292454306030232,-0.11497738625185111,-0.030622017148605914,208.33333333333334,rayleigh
84.68688845401176,0.9517141658316239,-0.2572999981245913,0.05825278746723011,208.33333333333334,rayleigh
85.81604696673192,0.9389525800486312,-0.25572107852258447,0.04847132035741178,208.33333333333334,rayleigh
86.94520547945207,1.1628539222496308,-0.31287752441614997,0.07752481603955076,208.33333333333334,rayleigh
88.07436399217222,0.9211033608485735,-0.19491729938832825,0.16492096703670572,208.33333333333334,rayleigh
89.20352250489239,1.1448743014876004,-0.24418554078043878,0.20270101208377814,208.33333333333334,rayleigh
90.33268101761254,1.0296546365968713,-0.23583304498120763,0.16076515697946026,208.33333333333334,rayleigh
91.46183953033268,0.7803377391221025,-0.18579609271094025,0.1107631571681221,208.33333333333334,rayleigh
92.59099804305285,1.3485824002687679,-0.33619657854491647,0.16344715232788926,208.33333333333334,rayleigh
93.720156555773,1.1981697851395676,-0.2975368643252352,0.14758428841156496,208.33333333333334,rayleigh
94.84931506849315,1.195256297192423,-0.27486449718940076,0.1849946178677026,208.33333333333334,rayleigh
95.97847358121332,1.0800161303763434,-0.25976023047011354,0.1488321709876331,208.33333333333334,rayleigh
97.10763209393347,1.1002763645704101,-0.29969651251247514,0.056591263891281975,208.33333333333334,rayleigh
98.23679060665363,1.0098252806037937,-0.256633372945805,0.11177892251593012,208.33333333333334,rayleigh
99.36594911937378,0.928014979338491,-0.23250769262441479,0.11006303127015717,208.33333333333334,rayleigh
100.49510763209395,1.1661305137366753,-0.2849885405487972,0.15254617044331675,208.33333333333334,rayleigh
101.6242661448141,1.0155099043583868,-0.2616665495374817,0.10378096041229401,208.33333333333334,rayleigh
102.75342465753425,0.9061630758039191,-0.2139154769604126,0.13165934221215497,208.33333333333334,rayleigh
103.88258317025442,1.117918323093959,-0.26182717705882025,0.1657528890435364,208.33333333333334,rayleigh
105.01174168297457,1.3188920948681675,-0.3528908685170105,0.09552867912037136,208.33333333333334,rayleigh
106.14090019569473,1.1108900564678044,-0.30305725226065494,0.05459078065523375,208.33333333333334,rayleigh
107.2700587084149,1.518475147239235,-0.37583056409104204,0.1895300543566121,208.33333333333334,rayleigh
108.39921722113505,1.6548004159004757,-0.4020226925780445,0.22087983014096282,208.33333333333334,rayleigh
109.5283757338552,1.2522404822637199,-0.2786737841177498,0.20695626643620166,208.33333333333334,rayleigh
110.65753424657535,1.1760091772817456,-0.2554402490876675,0.20252628449232965,208.33333333333334,rayleigh
111.78669275929552,1.2860744084844944,-0.17124203782906205,0.31267405666010206,208.33333333333334,rayleigh
112.91585127201567,1.155355092687776,-0.131085165309723,0.2922043516666301,208.33333333333334,rayleigh
114.04500978473583,1.401769868218338,-0.2192240933239253,0.3208178344032916,208.33333333333334,rayleigh
115.17416829745599,1.3011772799691825,-0.2047052546750427,0.29696312077969256,208.33333333333334,rayleigh
116.30332681017615,1.2204463036426665,-0.03529683905342984,0.33645703948113526,208.33333333333334,rayleigh
117.4324853228963,1.3866907958074053,-0.05064052638730968,0.3810354176736904,208.33333333333334,rayleigh
118.56164383561647,1.1493137450030988,-0.10736090998788937,0.2999508314104299,208.33333333333334,rayleigh
119.69080234833662,1.2846977515434528,-0.10977406461484562,0.33877222612065205,208.33333333333334,rayleigh
120.81996086105677,1.432404013932226,-0.1845475390507354,0.3515632933009908,208.33333333333334,rayleigh
121.94911937377692,1.3326925511734358,-0.19264010618309008,0.31521297248799507,208.33333333333334,rayleigh
123.07827788649709,1.463394406235613,-0.15269665251209966,0.3758109314293985,208.33333333333334,rayleigh
124.20743639921723,1.6291960949231539,-0.013053300799348104,0.45141874174872226,208.33333333333334,rayleigh
125.3365949119374,1.3966146735641685,-0.04092665714065026,0.3849672903224338,208.33333333333334,rayleigh
126.46575342465755,1.3699889808871597,-0.01729202766562297,0.37936223089218496,208.33333333333334,rayleigh
127.59491193737772,1.1537721319397702,0.09467565900852422,0.3054870880965475,208.33333333333334,rayleigh
128.72407045009786,1.357655037990272,0.1245206164436477,0.3551398396286925,208.33333333333334,rayleigh
129.85322896281804,1.4014472428471234,0.1356146739777216,0.36403633723438633,208.33333333333334,rayleigh
130.98238747553816,1.3277540977936537,0.1944964489273729,0.3124596388364221,208.33333333333334,rayleigh
132.11154598825834,1.2293794063835353,0.27323153073639705,0.20365485293885094,208.33333333333334,rayleigh
133.2407045009785,1.1149657597955063,0.19978876107739754,0.23580790960638867,208.33333333333334,rayleigh
134.36986301369865,0.7505808007281566,0.2079794754979931,0.005728721919374546,208.33333333333334,rayleigh
135.4990215264188,0.5963176614907069,0.14904750331099365,-0.07147022051327293,208.33333333333334,rayleigh
136.62818003913898,0.4350965459753787,0.08753977095549069,-0.08296320276549814,208.33333333333334,rayleigh
137.7573385518591,0.3180610223890055,0.07849736895493849,-0.040141004867082004,208.33333333333334,rayleigh
138.8864970645793,0.6033141297978356,0.14775167973102019,0.07834223950548953,208.33333333333334,rayleigh
140.01565557729944,0.4847959955782616,0.1316207407943082,-0.0271103583841789,208.33333333333334,rayleigh
141.1448140900196,0.5589945854441744,0.1543240255057925,-0.013928776882587592,208.33333333333334,rayleigh
142.27397260273975,0.4350288232801829,0.07025168312481407,0.09801162015672808,208.33333333333334,rayleigh
143.40313111545993,0.3042523136431002,0.05941602145306911,0.05985465066081663,208.33333333333334,rayleigh
144.53228962818005,0.3190296405826182,0.0831743590785279,0.030042963813874213,208.33333333333334,rayleigh
145.6614481409002,0.4789280118024853,0.09111319406577123,-0.09655490437350837,208.33333333333334,rayleigh
146.7906066536204,0.4420462311279735,0.023542730961731078,-0.12025072899749417,208.33333333333334,rayleigh
147.9197651663405,0.8590853212058347,-0.11328368825087734,-0.20946429033981942,208.33333333333334,rayleigh
149.0489236790607,0.46703587498534016,-0.08566597216377007,-0.09706397169522978,208.33333333333334,rayleigh
150.17808219178085,0.5772996066791996,-0.04782585103078491,-0.1527115688513585,208.33333333333334,rayleigh
151.307240704501,0.6376378830840248,-0.08372580313301652,-0.1556627713664109,208.33333333333334,rayleigh
152.43639921722115,0.2782903739520983,-0.0195658062826585,-0.0746185669705703,208.33333333333334,rayleigh
153.5655577299413,0.5317395944846395,-0.0482949949179346,-0.13925974350640702,208.33333333333334,rayleigh
154.69471624266146,0.5720478823812638,-0.10451175582891628,-0.11925447732516348,208.33333333333334,rayleigh
155.82387475538164,0.4484356720408121,-0.12347245748336581,-0.014360827692345956,208.33333333333334,rayleigh
156.95303326810176,0.640153925960019,-0.1708408645679616,-0.04797228049136165,208.33333333333334,rayleigh
158.08219178082194,0.6694951941180844,-0.14949801785236855,0.1099586967619758,208.33333333333334,rayleigh
159.2113502935421,0.8501816168829326,-0.23564219699413463,0.0034433836797418895,208.33333333333334,rayleigh
160.34050880626225,0.5128508000168129,-0.13860968971260226,-0.0315744217136249,208.33333333333334,rayleigh
161.4696673189824,0.5658568430750476,-0.061068381836792786,-0.14447727035338437,208.33333333333334,rayleigh
162.59882583170258,0.7330128791443649,-0.11234745689561275,-0.16930343458171582,208.33333333333334,rayleigh
163.7279843444227,0.8721971141741001,-0.13997686319973213,-0.19712736363513814,208.33333333333334,rayleigh
164.8571428571429,0.9230902199172276,-0.15965001455527747,-0.19996274049948823,208.33333333333334,rayleigh
165.98630136986304,0.8855331138279856,-0.08104079758820261,-0.2317029838645317,208.33333333333334,rayleigh
167.1154598825832,1.0512698221970584,-0.024016010721239316,-0.2904169884429232,208.33333333333334,rayleigh
168.24461839530335,1.1923505657332534,-0.06502959048242937,-0.3240548891400551,208.33333333333334,rayleigh
169.37377690802353,0.8947424394481625,-0.028657250878688045,-0.24635830275540382,208.33333333333334,rayleigh
170.50293542074365,0.9360979461593524,-0.030403266275213718,-0.25769574914889715,208.33333333333334,rayleigh
171.63209393346384,1.0943673191833845,0.06575764458352809,-0.29614194237720876,208.33333333333334,rayleigh
172.76125244618396,1.5720229409668351,0.15965299251885082,-0.4054590352098324,208.33333333333334,rayleigh
173.89041095890414,0.9797757219141242,0.10586502971932077,-0.2501078416022728,208.33333333333334,rayleigh
175.0195694716243,0.9815457286859292,0.08024573355991545,-0.25997827975592025,208.33333333333334,rayleigh
176.14872798434445,1.220314253027338,-0.018974393370643855,-0.3377342350214215,208.33333333333334,rayleigh
177.2778864970646,1.0219492286201108,-0.05963564856623845,-0.27693241535964847,208.33333333333334,rayleigh
178.40704500978478,1.0564672627350968,-0.0866492880554602,-0.2797363821180127,208.33333333333334,rayleigh
179.5362035225049,0.9870351690033062,-0.10148889358326844,-0.2540835093454346,208.33333333333334,rayleigh
180.6653620352251,1.1677550162390027,-0.1044805909000346,-0.3063722113462539,208.33333333333334,rayleigh
181.79452054794524,1.2529575647334414,-0.08621299166759637,-0.3364451343199749,208.33333333333334,rayleigh
182.92367906066536,1.0929570777783417,-0.12852184760215063,-0.2743523904203369,208.33333333333334,rayleigh
184.05283757338555,1.2254992176900612,-0.1062114004793166,-0.3226732029079937,208.33333333333334,rayleigh
185.1819960861057,0.8825800118794502,-0.1074234047125338,-0.21980194029499883,208.33333333333334,rayleigh
186.31115459882585,1.1379634694170884,-0.13880282788676127,-0.28325930758930634,208.33333333333334,rayleigh
187.440313111546,0.9782767234421056,-0.17693229052775342,-0.2055012731613875,208.33333333333334,rayleigh
188.56947162426619,0.747721253510195,-0.1583743452470174,-0.1337035450646819,208.33333333333334,rayleigh
189.6986301369863,1.1079775349738625,-0.20248452399483868,-0.23092705383099982,208.33333333333334,rayleigh
190.8277886497065,1.1312785261113285,-0.25433892962450055,-0.183434340683375,208.33333333333334,rayleigh
191.95694716242664,0.9621843083506953,-0.24353399859840943,-0.10875479824638587,208.33333333333334,rayleigh
193.0861056751468,1.2946220072348438,-0.3336859511544842,-0.13205126132149386,208.33333333333334,rayleigh
194.21526418786695,1.3460611429515197,-0.36529320567768664,-0.0760391791089067,208.33333333333334,rayleigh
195.3444227005871,1.4560310756866923,-0.3985049346891866,-0.06397015099519443,208.33333333333334,rayleigh
196.47358121330726,2.1626008201266194,-0.5866180601715627,-0.12344208263063984,208.33333333333334,rayleigh
197.60273972602744,2.2356751779440973,-0.5695220361492342,-0.24433406705742056,208.33333333333334,rayleigh
198.73189823874756,1.8770843769122236,-0.5021946551284979,-0.13614208421515323,208.33333333333334,rayleigh
199.86105675146774,1.663915683261183,-0.44448412682474114,-0.12316017028207334,208.33333333333334,rayleigh
200.9902152641879,1.7221102195749802,-0.4575450262517476,-0.13611717026883133,208.33333333333334,rayleigh
202.11937377690805,1.4208059879424055,-0.3528707590626259,-0.1749116398204794,208.33333333333334,rayleigh
203.2485322896282,1.312966842797396,-0.2668314159279636,-0.24750847696962988,208.33333333333334,rayleigh
204.37769080234838,1.256395266037834,-0.26806718066107377,-0.22233045178738958,208.33333333333334,rayleigh
205.5068493150685,1.533229468709169,-0.37228226640588885,-0.20502648216370048,208.33333333333334,rayleigh
206.6360078277887,1.0013687182473976,-0.2204363581712237,-0.168689611763244,208.33333333333334,rayleigh
207.76516634050884,1.2153843353831784,-0.317509367068788,-0.11264807773288202,208.33333333333334,rayleigh
208.894324853229,1.5637724677748321,-0.4190731203663546,-0.11079662819645555,208.33333333333334,rayleigh
210.02348336594915,1.415580179516707,-0.39117219331619857,-0.030939404520113074,208.33333333333334,rayleigh
211.15264187866933,1.1208307297485918,-0.29542653063315516,-0.09618549921988413,208.33333333333334,rayleigh
212.28180039138945,1.2548202655769622,-0.3079661411969314,-0.16169042158928754,208.33333333333334,rayleigh
213.41095890410963,1.579184434381448,-0.36508876122542894,-0.24151673091378478,208.33333333333334,rayleigh
214.5401174168298,1.602552198288359,-0.3950731116788339,-0.2031016343401468,208.33333333333334,rayleigh
215.66927592954994,1.494988472086794,-0.3814249999837651,-0.16200903291015847,208.33333333333334,rayleigh
216.7984344422701,1.3712354494059305,-0.3595827849781414,-0.12319691854010312,208.33333333333334,rayleigh
217.92759295499025,1.1587753898263262,-0.2512223507267113,-0.20015545748253002,208.33333333333334,rayleigh
219.0567514677104,1.474623468469753,-0.36284275346014644,-0.1882292039763054,208.33333333333334,rayleigh
220.18590998043055,0.7826256007136462,-0.21595635257689097,0.02064652821850225,208.33333333333334,rayleigh
221.3150684931507,0.7200515381415649,-0.19955116801024897,-0.004218579634644454,208.33333333333334,rayleigh
222.44422700587086,0.9797599747187719,-0.27110611512343236,-0.01613816252275129,208.33333333333334,rayleigh
223.57338551859104,0.9360192760519095,-0.24765389561834797,-0.07738015931797237,208.33333333333334,rayleigh
224.70254403131116,0.7987968549052975,-0.21520764433112158,-0.05209717314251376,208.33333333333334,rayleigh
225.83170254403134,0.9336353160055935,-0.2563459390378021,-0.03555868613779327,208.33333333333334,rayleigh
226.9608610567515,1.0928621028583831,-0.3016371676958943,-0.028038671729121407,208.33333333333334,rayleigh
228.09001956947165,1.1282551103870884,-0.3127467458043237,-0.0010013358824074567,208.33333333333334,rayleigh
229.2191780821918,0.8245859011545494,-0.20390754030439476,0.10328125092603922,208.33333333333334,rayleigh
230.34833659491198,0.8908786331534908,-0.23728152334676506,0.06841785477173228,208.33333333333334,rayleigh
231.4774951076321,0.8763436852416929,-0.22256179932031436,0.09734513028140539,208.33333333333334,rayleigh
232.6066536203523,0.5298346746235132,-0.13562555164488152,0.056356098037687936,208.33333333333334,rayleigh
233.73581213307244,0.809235410334915,-0.18203449093039187,0.13107881123649553,208.33333333333334,rayleigh
234.8649706457926,0.9745001222774808,-0.17772751757062194,0.20342583309329493,208.33333333333334,rayleigh
235.99412915851275,1.022333089585948,-0.18710129231552494,0.2128411988178677,208.33333333333334,rayleigh
237.12328767123293,0.9419807262510513,-0.037780207434462205,0.2583661037175235,208.33333333333334,rayleigh
238.25244618395305,0.6443530833018754,-0.020475027467082477,0.1774349621108875,208.33333333333334,rayleigh
239.38160469667324,0.5101946671696024,-0.01311543267403079,0.1408147030066158,208.33333333333334,rayleigh
240.5107632093934,0.647976479702562,-0.08405573017679971,0.15873509243786824,208.33333333333334,rayleigh
241.63992172211354,0.9698000562594711,-0.03813348131902296,0.26610675859311594,208.33333333333334,rayleigh
242.7690802348337,1.2102291786625368,0.11920652113339326,0.3135773904930235,208.33333333333334,rayleigh
243.89823874755385,0.6033894347835114,0.03622981677724929,0.16328639885340546,208.33333333333334,rayleigh
245.02739726027403,1.0545011180433694,0.04161935160422724,0.2893258696867187,208.33333333333334,rayleigh
246.15655577299418,0.9309094512384164,0.12893275365144838,0.22352511563225153,208.33333333333334,rayleigh
247.2857142857143,0.8462873608987703,0.13109984051631726,0.19453612873429496,208.33333333333334,rayleigh
248.41487279843446,0.8586989545517414,0.17020264748768504,0.16639875254766714,208.33333333333334,rayleigh
249.54403131115467,0.8617642532327893,0.1306516186620353,0.1999821571198983,208.33333333333334,rayleigh
250.6731898238748,1.1088937044185,0.12271274654638353,0.281824286604738,208.33333333333334,rayleigh
251.80234833659495,1.1889202996761894,0.16959160123059303,0.2825800161891506,208.33333333333334,rayleigh
252.9315068493151,1.006173058833591,0.14470926686918184,0.2384296459768159,208.33333333333334,rayleigh
254.06066536203522,1.2070850615599598,0.11680225131663115,0.3135509784951551,208.33333333333334,rayleigh
255.18982387475543,0.9817914671907133,0.1423964565302324,0.23192327320798536,208.33333333333334,rayleigh
256.31898238747556,0.9412667558761735,0.06389106458205149,0.25297233954782467,208.33333333333334,rayleigh
257.4481409001957,0.6411415893033354,0.05616423168248808,0.16861422613942148,208.33333333333334,rayleigh
258.57729941291586,0.646305277775087,0.04838000209498504,0.1724974490054935,208.33333333333334,rayleigh
259.7064579256361,0.7643912455165612,0.005981700297044494,0.21180211454546252,208.33333333333334,rayleigh
260.8356164383562,0.8511477542898079,0.010337837371185276,0.23570857182803118,208.33333333333334,rayleigh
261.9647749510763,1.033094449840451,-0.06237031901301159,0.2794956264068486,208.33333333333334,rayleigh
263.0939334637965,1.001288486951251,0.013421938125353045,0.27722892834148605,208.33333333333334,rayleigh
264.2230919765167,0.9902343682263296,0.15386296240899405,0.22731182521566576,208.33333333333334,rayleigh
265.35225048923684,0.3628899505158114,0.014440603278449132,0.09954990127477212,208.33333333333334,rayleigh
266.481409001957,0.4466691059957104,-0.08055674108818689,0.09402548473986322,208.33333333333334,rayleigh
267.61056751467714,0.5048828961972928,-0.1255026199164653,0.0619321276842649,208.33333333333334,rayleigh
268.7397260273973,0.5449730793652219,-0.14507402159463384,-0.04211944915061996,208.33333333333334,rayleigh
269.86888454011745,0.4233284133282052,-0.11597306417336999,-0.017892233314805463,208.33333333333334,rayleigh
270.9980430528376,0.5784049118509217,-0.1144211440517601,0.11231246715219421,208.33333333333334,rayleigh
272.12720156555775,0.6897710330869703,-0.08249800011337245,0.17248862220197647,208.33333333333334,rayleigh
273.25636007827796,0.46103439810753943,-0.0851092751001711,0.09533369599044562,208.33333333333334,rayleigh
274.3855185909981,0.29454361354101166,-0.07236808840627769,-0.03780215873203723,208.33333333333334,rayleigh
275.5146771037182,0.3439271472082302,-0.061097314567283005,-0.07318439605707557,208.33333333333334,rayleigh
276.64383561643837,0.19586284597848375,-0.01833724292718664,-0.05110205691389001,208.33333333333334,rayleigh
277.7729941291586,0.6956070185927603,0.012488718540606314,-0.19241495424354882,208.33333333333334,rayleigh
278.90215264187873,0.3082070452803544,0.03238119509122434,-0.07905954099733138,208.33333333333334,rayleigh
280.0313111545989,0.21077749747126226,0.05292397210378729,-0.02475362438899099,208.33333333333334,rayleigh
281.160469667319,0.455275830573492,0.07908559901870053,-0.09834696170635428,208.33333333333334,rayleigh
282.2896281800392,0.41894187177028197,0.007514427197328798,-0.11588583874602994,208.33333333333334,rayleigh
283.41878669275934,1.1278432575352981,0.17128801435298724,-0.2615349872403469,208.33333333333334,rayleigh
284.5479452054795,1.1469200822566215,0.16090876551173572,-0.27419500895966686,208.33333333333334,rayleigh
285.67710371819965,1.5191464222122364,0.3478483135923235,-0.23733622499495577,208.33333333333334,rayleigh
286.80626223091986,1.3467284831781876,0.2759306938411865,-0.2514386869290576,208.33333333333334,rayleigh
287.93542074363995,1.3942647318528616,0.2759632201099865,-0.27058302442658433,208.33333333333334,rayleigh
289.0645792563601,1.4174733541774451,0.3674494843906874,-0.13916150812928837,208.33333333333334,rayleigh
290.19373776908026,1.4642818178251822,0.37829874276806374,-0.14710477240452882,208.33333333333334,rayleigh
291.3228962818004,1.5402080778502347,0.41621426424602204,-0.09509823403901715,208.33333333333334,rayleigh
292.4520547945206,1.6351798290059019,0.4325092997198565,-0.13559447382329878,208.33333333333334,rayleigh
293.5812133072408,1.2114829846479214,0.30773157541670465,-0.1344453765758661,208.33333333333334,rayleigh
294.71037181996087,1.1044152919149708,0.2764118111552162,-0.13159875252262657,208.33333333333334,rayleigh
295.839530332681,0.9893106577200391,0.19649984673228071,-0.1912897989876597,208.33333333333334,rayleigh
296.96868884540123,1.0977289266016215,0.2481774548513261,-0.1760632972482251,208.33333333333334,rayleigh
298.0978473581214,0.8517503699826364,0.2012998373610908,-0.12338001340787991,208.33333333333334,rayleigh
299.22700587084154,0.7624831664059605,0.19833180202117548,-0.07305171783868611,208.33333333333334,rayleigh
300.3561643835617,0.5199433381628834,0.11440967398071036,-0.08765195014365236,208.33333333333334,rayleigh
301.48532289628184,0.4181973556631033,0.11005863556024177,-0.036403306353557395,208.33333333333334,rayleigh
302.614481409002,0.48536576313371743,0.12974787107791144,-0.0355943017391143,208.33333333333334,rayleigh
303.74363992172215,0.7731905773118974,0.1838983297865142,-0.1100768540790082,208.33333333333334,rayleigh
304.8727984344423,0.7881104428221641,0.21841614329335432,-0.004448651358288286,208.33333333333334,rayleigh
306.0019569471625,0.852826282913017,0.19977693506388058,-0.12638966452247483,208.33333333333334,rayleigh
307.1311154598826,0.44003388550851164,0.11502827573356937,-0.04057835242574121,208.33333333333334,rayleigh
308.26027397260276,0.6071626793251145,0.1681754486091693,-0.006560434023663704,208.33333333333334,rayleigh
309.3894324853229,0.46841176307635796,0.10640019983116145,0.07441751611420622,208.33333333333334,rayleigh
310.5185909980431,0.6030967370620111,0.08602677317377551,0.14334332131367078,208.33333333333334,rayleigh
311.6477495107633,0.9237837172752992,0.18764299810413848,0.17424621699404236,208.33333333333334,rayleigh
312.77690802348343,0.5541192538222263,0.0685422831051809,0.13745867490432803,208.33333333333334,rayleigh
313.9060665362035,0.6406893378866777,0.16877492546507483,0.05527801578613163,208.33333333333334,rayleigh
315.03522504892373,0.699055022085358,0.18440192367363195,0.05953915743519369,208.33333333333334,rayleigh
316.1643835616439,0.6005222456778124,0.09311470511065188,0.1379835753792396,208.33333333333334,rayleigh
317.29354207436404,0.6343362078165846,0.14981871538634894,0.09204655956260191,208.33333333333334,rayleigh
318.4227005870842,0.5873269470973084,0.16207599075477105,0.0153892692182723,208.33333333333334,rayleigh
319.55185909980435,0.7448810226219764,0.18698736700990945,-0.08757313634552644,208.33333333333334,rayleigh
320.6810176125245,0.6021474236364123,0.16067724147922155,-0.04519760085908888,208.33333333333334,rayleigh
321.81017612524465,0.6748175361945853,0.1756341075267361,-0.06436613575082827,208.33333333333334,rayleigh
322.9393346379648,0.5608397993014089,0.09522008308184464,-0.12288947957868143,208.33333333333334,rayleigh
324.068493150685,0.8820694832448864,0.16137012005054135,-0.18369306362008833,208.33333333333334,rayleigh
325.19765166340517,0.9116493839571115,0.13796677655821432,-0.21172031696560975,208.33333333333334,rayleigh
326.32681017612526,1.3033985069335163,0.10725480741817725,-0.3450105463231822,208.33333333333334,rayleigh
327.4559686888454,1.4455498996154472,0.10758586120265816,-0.3859881516210433,208.33333333333334,rayleigh
328.58512720156557,1.6351122810310224,0.012005062416858541,-0.4530883584228543,208.33333333333334,rayleigh
329.7142857142858,1.0662474150015153,0.0840172590701614,-0.2833669594517284,208.33333333333334,rayleigh
330.84344422700593,0.9706071474743733,0.08126835670233025,-0.25648149695347805,208.33333333333334,rayleigh
331.9726027397261,1.1264626302553138,-0.07938538645834584,-0.3019916338970819,208.33333333333334,rayleigh
333.1017612524462,1.4708339443115683,-0.0545142948062902,-0.4040490479671444,208.33333333333334,rayleigh
334.2309197651664,1.3420213095085893,0.03293002668050977,-0.3705432261104827,208.33333333333334,rayleigh
335.36007827788654,1.4029631276669867,-0.04598222451005724,-0.386168460725342,208.33333333333334,rayleigh
336.4892367906067,1.498939780638546,0.028194363395927007,-0.41454314905057926,208.33333333333334,rayleigh
337.61839530332685,1.316635170892589,-0.009361262667764166,-0.36484656284084127,208.33333333333334,rayleigh
338.74755381604706,1.3152774191479506,-0.030530977296875414,-0.36330968624023235,208.33333333333334,rayleigh
339.87671232876716,1.346474563868915,0.06721451705439081,-0.36713597442000023,208.33333333333334,rayleigh
341.0058708414873,1.2261840939610131,0.07253927723489381,-0.33206314038954393,208.33333333333334,rayleigh
342.13502935420746,1.1071227190062438,0.1475488224562331,-0.2690931787676239,208.33333333333334,rayleigh
343.26418786692767,0.9572866348077189,0.12523066322454554,-0.2339473168230257,208.33333333333334,rayleigh
344.3933463796478,1.0208480408417964,0.1886495383640342,-0.21091817806287136,208.33333333333334,rayleigh
345.5225048923679,0.968908971601941,0.21608469173097433,-0.15950433778165088,208.33333333333334,rayleigh
346.6516634050881,0.6811147704976394,0.17684595527239325,-0.06612062517098284,208.33333333333334,rayleigh
347.7808219178083,0.7991064837816394,0.17747476585576366,-0.13254874272399247,208.33333333333334,rayleigh
348.90998043052844,0.3993037528166084,0.08964367854248521,-0.06492543466198157,208.33333333333334,rayleigh
350.0391389432486,0.14547384693691523,0.01719190603582468,-0.03647644430572313,208.33333333333334,rayleigh
351.16829745596874,0.323087985486912,-0.08493764365438991,-0.028396917179882502,208.33333333333334,rayleigh
352.2974559686889,0.25294014137591175,-0.06710790995119155,0.020310537108923388,208.33333333333334,rayleigh
353.42661448140905,0.41540533210754865,-0.08763043872642835,-0.07470056714332683,208.33333333333334,rayleigh
354.5557729941292,0.7794236628400786,-0.18024306205474552,-0.11912830356585702,208.33333333333334,rayleigh
355.68493150684935,0.8671354148971145,-0.21456269087330845,-0.10834709178573679,208.33333333333334,rayleigh
356.81409001956956,0.8499320317848833,-0.19467519144314593,-0.13269539421317392,208.33333333333334,rayleigh
357.9432485322897,1.3563011847195252,-0.24907348039993066,-0.2816198956512383,208.33333333333334,rayleigh
359.0724070450098,1.327559511690316,-0.27097201982048974,-0.24898666203763392,208.33333333333334,rayleigh
360.20156555772996,1.0412421805631062,-0.1909675640737017,-0.21642065290303356,208.33333333333334,rayleigh
361.3307240704502,1.3384326950701677,-0.2729667923779244,-0.25127014696660227,208.33333333333334,rayleigh
362.4598825831703,1.2809311546669848,-0.2653277827710401,-0.2359567685058533,208.33333333333334,rayleigh
363.5890410958905,1.4055334223473734,-0.2382299766772738,-0.30828816087416033,208.33333333333334,rayleigh
364.71819960861063,0.8933069178819145,-0.18304001749801527,-0.1667716316893114,208.33333333333334,rayleigh
365.8473581213307,1.3394051505734694,-0.2390299534514437,-0.2840991547365161,208.33333333333334,rayleigh
366.97651663405094,1.339331360091039,-0.3180911548094498,-0.1914431440910524,208.33333333333334,rayleigh
368.1056751467711,1.4183453071205885,-0.32336015330847384,-0.2236364399207266,208.33333333333334,rayleigh
369.23483365949124,1.7405394339458233,-0.420692682588712,-0.23621246439543492,208.33333333333334,rayleigh
370.3639921722114,1.390495905863759,-0.2537512413531068,-0.29012884109096987,208.33333333333334,rayleigh
371.49315068493155,1.469578692318768,-0.328904021007175,-0.24034554495047458,208.33333333333334,rayleigh
372.6223091976517,1.4606833708621985,-0.24750168284487958,-0.320443326532893,208.33333333333334,rayleigh
373.75146771037186,0.9511715878372327,-0.17893610283359065,-0.19364714052801887,208.33333333333334,rayleigh
374.880626223092,0.5984588543512527,-0.13390593585914015,-0.09792303765400648,208.33333333333334,rayleigh
376.0097847358122,0.21827283725628444,-0.06035271589546353,-0.0042824890078853785,208.33333333333334,rayleigh
377.13894324853237,0.27282587415666504,-0.05144668705638251,0.055430917928535106,208.33333333333334,rayleigh
378.26810176125247,0.24337737448776042,0.023351430986069534,0.06329308474081417,208.33333333333334,rayleigh
379.3972602739726,0.9115011657499726,0.2491339326857324,0.04209327956118765,208.33333333333334,rayleigh
380.52641878669283,0.3241605691689434,0.08672495124351841,0.023514125114498675,208.33333333333334,rayleigh
381.655577299413,0.2544414398877558,0.005245334925926359,0.0703349541592264,208.33333333333334,rayleigh
382.78473581213314,0.41192792804506195,-0.052761608465169856,0.10126411374722669,208.33333333333334,rayleigh
383.9138943248533,0.2899982779814613,-0.041404609992526153,0.0689031792064387,208.33333333333334,rayleigh
385.04305283757344,0.33203036951072756,-0.010342878641443697,0.0914546555356915,208.33333333333334,rayleigh
386.1722113502936,0.23240361430668427,0.01247831218431234,0.0632013989071602,208.33333333333334,rayleigh
387.30136986301375,0.5510441099459966,-0.07352147419922536,0.13388946316993966,208.33333333333334,rayleigh
388.4305283757339,0.52785823574388,-0.14504907719365523,0.0192467737517426,208.33333333333334,rayleigh
389.5596868884541,0.7404818289502079,-0.15677274883959302,0.1324897936795151,208.33333333333334,rayleigh
390.6888454011742,0.5090906705008031,-0.034247263758519136,0.13689943519092312,208.33333333333334,rayleigh
391.81800391389436,0.7478866431430112,0.013553684641427807,0.20686801419731696,208.33333333333334,rayleigh
392.9471624266145,0.5509763160156489,-0.0026765276881941832,0.15270524265514243,208.33333333333334,rayleigh
394.0763209393347,0.36623969435267517,-0.013753502102031445,0.10058441092266918,208.33333333333334,rayleigh
395.2054794520549,0.5996492124977515,0.13377764956518573,0.09865518701033106,208.33333333333334,rayleigh
396.334637964775,1.0340584700626667,0.13514221767383475,0.2527796741706163,208.33333333333334,rayleigh
397.4637964774951,0.8217180778268174,0.1833710299811089,0.13512065619207933,208.33333333333334,rayleigh
398.5929549902153,1.0713505434368231,0.28694781694993565,0.0765170906290757,208.33333333333334,rayleigh
399.7221135029355,1.2190243715432165,0.3351531155645248,-0.04307044303300626,208.33333333333334,rayleigh
400.85127201565564,1.4128311791508397,0.3904826351323128,-0.029980081566639803,208.33333333333334,rayleigh
401.9804305283758,1.5328560827682498,0.4220700368061429,0.04897817604156708,208.33333333333334,rayleigh
403.10958904109594,1.0697101741855835,0.2668999121492205,0.12918392714606478,208.33333333333334,rayleigh
404.2387475538161,1.310615616408337,0.2833251468347273,0.227403445155555,208.33333333333334,rayleigh
405.36790606653625,1.5066437497394252,0.3906181586216513,0.14777541782751866,208.33333333333334,rayleigh
406.4970645792564,1.174382563187016,0.29557208277687474,0.13641845746097622,208.33333333333334,rayleigh
407.62622309197656,1.2149459546111931,0.3026194458783004,0.1477883442888254,208.33333333333334,rayleigh
408.75538160469677,1.1446346349526921,0.27094224912365805,0.16511333647100176,208.33333333333334,rayleigh
409.8845401174169,0.9659752328013987,0.20720662207321977,0.1695979878791234,208.33333333333334,rayleigh
411.013698630137,0.8211453133442314,0.20507764306266982,0.09875922357081043,208.33333333333334,rayleigh
412.14285714285717,0.9523708181727285,0.22668383882710336,0.13530404868799534,208.33333333333334,rayleigh
413.2720156555774,0.9077688428029882,0.2490179005092147,0.03616501929605637,208.33333333333334,rayleigh
414.40117416829753,0.6397102467894609,0.17688360661371533,0.012509919595201107,208.33333333333334,rayleigh
415.5303326810177,0.35072757068655813,0.07289993606956151,-0.0643227413806572,208.33333333333334,rayleigh
416.6594911937378,0.5669344686753617,0.14284193145686203,-0.06552106114771784,208.33333333333334,rayleigh
417.788649706458,0.41405612445686424,0.11169467823145426,0.02641168084307853,208.33333333333334,rayleigh
418.91780821917814,0.15365802302706993,0.013203190798111698,-0.040495418194809917,208.33333333333334,rayleigh
420.0469667318983,0.5420922370521849,0.03140827079259754,-0.14694696263492985,208.33333333333334,rayleigh
421.17612524461845,0.316014995604354,-0.07991816970132355,-0.03586835311549192,208.33333333333334,rayleigh
422.30528375733866,0.4864293618407857,-0.13081236390595322,-0.03269571013573696,208.33333333333334,rayleigh
423.43444227005875,0.7368241639007644,-0.18925174703355357,0.07681030948045463,208.33333333333334,rayleigh
424.5636007827789,0.7264314235825464,-0.19141468669758976,0.06251378434359621,208.33333333333334,rayleigh
425.69275929549906,0.7632556353499124,-0.20991323305339957,0.02643958794700251,208.33333333333334,rayleigh
426.82191780821927,0.4140302791012124,-0.11469023356296555,-0.004217091001243162,208.33333333333334,rayleigh
427.9510763209394,0.33183718072256796,0.015275091271556693,-0.09070692448287243,208.33333333333334,rayleigh
429.0802348336596,0.18049171821193324,-0.021709107583733258,-0.04507640852322108,208.33333333333334,rayleigh
430.20939334637967,0.3626968136167866,0.08242753729790658,-0.057564286550311046,208.33333333333334,rayleigh
431.3385518590999,0.44663165222085116,0.04316159978033605,-0.11603743282715956,208.33333333333334,rayleigh
432.46771037182003,0.24214454083076378,0.03632989887552292,-0.0564397879959195,208.33333333333334,rayleigh
433.5968688845402,0.5374253665426308,0.0413511006125969,-0.1431183736650364,208.33333333333334,rayleigh
434.72602739726034,0.5498134712263671,0.04364913744401349,-0.1460220927561378,208.33333333333334,rayleigh
435.8551859099805,0.791832137764899,0.05237739811193595,-0.21315211013218005,208.33333333333334,rayleigh
436.98434442270064,1.0006329898929822,0.012343740713706471,-0.2770971461354475,208.33333333333334,rayleigh
438.1135029354208,1.172330179196354,0.06977377102022075,-0.3173868206502645,208.33333333333334,rayleigh
439.24266144814095,1.0974400550693362,0.07016380773408021,-0.29600447502568006,208.33333333333334,rayleigh
440.3718199608611,0.9627997231493503,0.07692830053965191,-0.2555571917348801,208.33333333333334,rayleigh
441.5009784735813,1.3283603463437486,0.06211014131421978,-0.3629407035581927,208.33333333333334,rayleigh
442.6301369863014,0.7497815037152876,0.02541105302094818,-0.20627751252111245,208.33333333333334,rayleigh
443.75929549902156,0.532732427293226,-0.0093701839875741,-0.14737397298954807,208.33333333333334,rayleigh
444.8884540117417,0.8146681386494249,0.04743707301245178,-0.2207845466559136,208.33333333333334,rayleigh
446.0176125244619,0.8632043163120714,-0.0568849259068431,-0.23241704763749096,208.33333333333334,rayleigh
447.1467710371821,0.9156820573597723,-0.02380065795404804,-0.2527055074964759,208.33333333333334,rayleigh
448.27592954990223,0.8027579967404685,-0.034443556313196955,-0.21983981793837148,208.33333333333334,rayleigh
449.4050880626223,1.0128447233882738,-0.021127664629987518,-0.2799609120149143,208.33333333333334,rayleigh
450.53424657534254,0.8936017704246846,0.038472803270612206,-0.24469726700752178,208.33333333333334,rayleigh
451.6634050880627,0.8275477638051809,0.05162235330202017,-0.2235093564479209,208.33333333333334,rayleigh
452.79256360078284,0.605021767087905,-0.057340841099451666,-0.15760279361636362,208.33333333333334,rayleigh
453.921722113503,0.8175259240808354,-0.07353884368755714,-0.2143514350426684,208.33333333333334,rayleigh
455.0508806262232,0.9577588215608539,-0.10401981483635314,-0.24426097834697538,208.33333333333334,rayleigh
456.1800391389433,1.055540525145924,-0.03720692451491111,-0.29021680573879993,208.33333333333334,rayleigh
457.30919765166345,0.5754939449387905,-0.019563556138668142,-0.15832075116066072,208.33333333333334,rayleigh
458.4383561643836,0.3354793028735595,0.030180135405246892,-0.08796013015881497,208.33333333333334,rayleigh
459.5675146771038,0.3304222182744256,-0.08558483977921386,-0.03262372009790736,208.33333333333334,rayleigh
460.69667318982397,0.49026920845258526,-0.10060770805892107,0.09136270473760662,208.33333333333334,rayleigh
461.82583170254406,0.6427879159317376,-0.1307784275355733,0.12101486888374735,208.33333333333334,rayleigh
462.9549902152642,0.793908774484032,-0.15554698735341999,0.15567715434402665,208.33333333333334,rayleigh
464.0841487279844,0.7718369899431802,-0.13503953489470719,0.16594920954273631,208.33333333333334,rayleigh
465.2133072407046,1.3492018586504866,-0.25242592681240733,0.2759577346275459,208.33333333333334,rayleigh
466.34246575342473,1.2292230903273726,-0.25492816720875155,0.22608155124419652,208.33333333333334,rayleigh
467.4716242661449,1.1571910147310165,-0.17620677758813408,0.26803750176870256,208.33333333333334,rayleigh
468.60078277886504,1.3355551368336152,-0.15696041215015935,0.33529054875970427,208.33333333333334,rayleigh
469.7299412915852,1.3099108940724757,-0.0033577520026140126,0.3630871676603514,208.33333333333334,rayleigh
470.85909980430534,1.1716004321872417,-0.05984718556749819,0.31920159465465847,208.33333333333334,rayleigh
471.9882583170255,0.8446878642516047,-0.14305676964598624,0.18536021707925984,208.33333333333334,rayleigh
473.11741682974565,0.8012060921484059,-0.14436825180084498,0.16876743517875956,208.33333333333334,rayleigh
474.24657534246586,0.8707352254199662,-0.2156937568650371,0.10831962929294849,208.33333333333334,rayleigh
475.37573385518596,1.233322867621103,-0.3139204268802968,0.13539184142892768,208.33333333333334,rayleigh
476.5048923679061,0.8609352648072188,-0.21827964469081607,0.09647265573450767,208.33333333333334,rayleigh
477.63405088062626,1.105776360413626,-0.23143219388484013,0.200977625857619,208.33333333333334,rayleigh
478.7632093933465,1.2700284659759458,-0.22722209784341246,0.2689005527674533,208.33333333333334,rayleigh
479.8923679060666,1.1425456523039244,-0.2563861383614275,0.18593316563342174,208.33333333333334,rayleigh
481.0215264187868,0.8856415855833765,-0.18751648291718967,0.158449406821031,208.33333333333334,rayleigh
482.1506849315069,0.9323788298924011,-0.21612795964453438,0.1417258267229524,208.33333333333334,rayleigh
483.2798434442271,0.9818637404163311,-0.20377259949656862,0.18042391191942583,208.33333333333334,rayleigh
484.40900195694724,0.9075113079198899,-0.0640552077969574,0.24326699774466456,208.33333333333334,rayleigh
485.5381604696674,0.7696845219531387,-0.024897175693598193,0.21189618410294722,208.33333333333334,rayleigh
486.66731898238754,0.6806731245658919,-0.0010970393308312283,0.18867700710148416,208.33333333333334,rayleigh
487.7964774951077,0.7956629786881383,0.028418876226798947,0.21871640651118954,208.33333333333334,rayleigh
488.92563600782785,0.7640973772033425,0.0795381284269623,0.19630356333870405,208.33333333333334,rayleigh
490.05479452054806,0.9392048055328848,0.1533871904383126,0.21036042471897348,208.33333333333334,rayleigh
491.18395303326815,0.8800704187423573,0.14216425032310714,0.19824760184625861,208.33333333333334,rayleigh
492.31311154598836,0.7415497506408121,0.17330579097579993,0.1105348536202672,208.33333333333334,rayleigh
493.44227005870846,0.653709609323542,0.10113907082287577,0.1503545959360049,208.33333333333334,rayleigh
494.5714285714286,0.4270194317377355,0.07791610700549588,0.0891074133044548,208.33333333333334,rayleigh
495.7005870841488,0.5204606211661074,0.019999800042100908,0.14287686562504073,208.33333333333334,rayleigh
496.8297455968689,0.6122577725561467,-0.0068219783878462935,0.16957853611713478,208.33333333333334,rayleigh
497.9589041095891,0.6682411530995847,-0.04060303020861279,0.18072925843160942,208.33333333333334,rayleigh
499.08806262230934,0.7495497692464779,-0.012960983067523815,0.207367908875145,208.33333333333334,rayleigh
500.21722113502943,1.1425264632989958,-0.13457217891777198,0.28669139066228316,208.33333333333334,rayleigh
501.3463796477496,0.8828685824271386,-0.12821301170605004,0.2084544315358663,208.33333333333334,rayleigh
502.4755381604697,0.9351613102555864,-0.17046394444805765,0.19529164979083563,208.33333333333334,rayleigh
503.6046966731899,1.2093075748736135,-0.15540588706812306,0.2970162411017414,208.33333333333334,rayleigh
504.7338551859101,1.036641239379309,-0.21399490347850272,0.19177618133262925,208.33333333333334,rayleigh
505.8630136986302,0.9239491379840276,-0.17403228867412499,0.18790393057671578,208.33333333333334,rayleigh
506.99217221135035,0.7303832512947613,-0.18181360542078598,0.08907148998658024,208.33333333333334,rayleigh
508.12133072407045,1.0066319638553722,-0.27886161718699287,-0.009830593442742582,208.33333333333334,rayleigh
509.25048923679066,1.140318040087388,-0.3156019057864253,0.01759785991204205,208.33333333333334,rayleigh
510.37964774951087,1.2441591142864301,-0.31779337755446146,0.1339671261088998,208.33333333333334,rayleigh
511.50880626223096,1.2061387272528064,-0.333167493482669,0.027945077550721602,208.33333333333334,rayleigh
512.6379647749511,1.1274833840683323,-0.3122977664957763,-0.012160359625448702,208.33333333333334,rayleigh
513.7671232876713,1.163860378633881,-0.3166940564345346,-0.061540645879481694,208.33333333333334,rayleigh
514.8962818003914,1.5998651635352696,-0.3984290528257252,-0.19474633948569164,208.33333333333334,rayleigh
516.0254403131116,1.9466061876683347,-0.5132515295995185,-0.1665317212169937,208.33333333333334,rayleigh
517.1545988258317,1.8564210108644479,-0.4447949383775051,-0.2587736560322175,208.33333333333334,rayleigh
518.2837573385519,1.376799916035148,-0.3344538085147852,-0.18382835776384845,208.33333333333334,rayleigh
519.4129158512721,1.2373645176857793,-0.2824410631657481,-0.1946055177787045,208.33333333333334,rayleigh
520.5420743639922,1.2580411837771421,-0.30427179025326634,-0.17037464210864328,208.33333333333334,rayleigh
521.6712328767125,1.3788847211536608,-0.3540915543178501,-0.14391950881278734,208.33333333333334,rayleigh
522.8003913894327,1.5284990249189776,-0.3958622881328097,-0.15103020966686845,208.33333333333334,rayleigh
523.9295499021526,1.2617763379043216,-0.25167979447036215,-0.2428771564734468,208.33333333333334,rayleigh
525.0587084148729,0.8992883827198817,-0.1600126428736779,-0.19114460936704444,208.33333333333334,rayleigh
526.187866927593,0.6701653509473677,-0.030383489891747086,-0.1832659259196608,208.33333333333334,rayleigh
527.3170254403132,0.945133400389297,-0.03949588700016442,-0.25899344812991015,208.33333333333334,rayleigh
528.4461839530334,0.9977011425168897,-0.040865577873485236,-0.27352334858946703,208.33333333333334,rayleigh
529.5753424657535,1.1468510789163018,0.00992534131997385,-0.3177481071836788,208.33333333333334,rayleigh
530.7045009784737,0.9081449414715359,0.16937584043706133,-0.1862313762187235,208.33333333333334,rayleigh
531.8336594911939,1.0028048452020193,0.12885657473997772,-0.24630370428840165,208.33333333333334,rayleigh
532.962818003914,1.105339434702475,0.1935280517591505,-0.237540579838106,208.33333333333334,rayleigh
534.0919765166342,1.6121846897360044,0.1834675393388743,-0.4074948537660621,208.33333333333334,rayleigh
535.2211350293543,1.6127773816037372,0.1536176696745904,-0.4198343411631259,208.33333333333334,rayleigh
536.3502935420744,1.9456537941788343,0.3400646445060481,-0.4186061981662328,208.33333333333334,rayleigh
537.4794520547946,2.059217403550269,0.4197079556568375,-0.3868679389751689,208.33333333333334,rayleigh
538.6086105675147,2.2554469295552972,0.5119791037899172,-0.358824308494252,208.33333333333334,rayleigh
539.7377690802349,2.5671255433136735,0.6107295464663678,-0.3652141569411044,208.33333333333334,rayleigh
540.8669275929551,2.27485335745674,0.5574794190832619,-0.29470245507785087,208.33333333333334,rayleigh
541.9960861056752,2.079769972078791,0.4778275346828329,-0.3225504184805707,208.33333333333334,rayleigh
543.1252446183954,2.0331570655475604,0.5087864018720529,-0.24241144637173717,208.33333333333334,rayleigh
544.2544031311155,2.167280296763049,0.5655374109151663,-0.20268939294089586,208.33333333333334,rayleigh
545.3835616438357,2.5774158868005173,0.6634966073094059,-0.26497535750124956,208.33333333333334,rayleigh
546.5127201565559,3.041498349754749,0.8035800620174803,-0.25507703600516857,208.33333333333334,rayleigh
547.641878669276,2.768865414206759,0.7349492380643083,-0.2212152626505466,208.33333333333334,rayleigh
548.7710371819962,2.2726852980813113,0.5860205231688747,-0.231203840246313,208.33333333333334,rayleigh
549.9001956947162,2.0115070852911474,0.4615637679340985,-0.31282158558826945,208.33333333333334,rayleigh
551.0293542074364,2.0834404607421755,0.47979998889047804,-0.32144059654751994,208.33333333333334,rayleigh
552.1585127201566,2.0935946674217654,0.5276473570284737,-0.241618277615394,208.33333333333334,rayleigh
553.2876712328767,1.5519649474796013,0.3929824233572422,-0.1750319645575737,208.33333333333334,rayleigh
554.4168297455969,1.2749174775465801,0.27015346807962043,-0.22783882571214983,208.33333333333334,rayleigh
555.5459882583172,1.1488112110641509,0.31376853603478433,-0.05438228631116574,208.33333333333334,rayleigh
556.6751467710372,1.205857572170803,0.3338700804580321,-0.016129730788736626,208.33333333333334,rayleigh
557.8043052837575,1.2272256674703914,0.3401394425955824,0.0054210322939937895,208.33333333333334,rayleigh
558.9334637964776,0.9848424467077589,0.2599532238198686,0.08336975790618027,208.33333333333334,rayleigh
560.0626223091978,0.6342235495852795,-0.0075041400265796225,0.17564430905295947,208.33333333333334,rayleigh
561.191780821918,0.8057576295458633,-0.12606616332599527,0.18437452656317094,208.33333333333334,rayleigh
562.320939334638,0.7725651820050281,-0.16840566986901268,0.1322904381440619,208.33333333333334,rayleigh
563.4500978473582,1.281700474864986,-0.30086735239985574,0.18895700533758095,208.33333333333334,rayleigh
564.5792563600784,1.4669824257332773,-0.37342267423936537,0.1609767777094808,208.33333333333334,rayleigh
565.7084148727985,1.4320085915275265,-0.34418363939933017,0.19775018350248777,208.33333333333334,rayleigh
566.8375733855187,1.3975616192172189,-0.3477277785838738,0.17077325844799504,208.33333333333334,rayleigh
567.9667318982388,1.3825022122466415,-0.35824529755550427,0.13609377945932105,208.33333333333334,rayleigh
569.095890410959,1.5542754507437044,-0.3911736630298399,0.18057132366294093,208.33333333333334,rayleigh
570.2250489236792,1.7534953026474698,-0.467099994568524,0.1344417116395472,208.33333333333334,rayleigh
571.3542074363993,1.5634499977218832,-0.41381370855822086,0.12875908348155995,208.33333333333334,rayleigh
572.4833659491195,1.2716938421378907,-0.3399761575055957,0.09316034717091534,208.33333333333334,rayleigh
573.6125244618397,1.2376568965130577,-0.30482103254478965,0.1574293590722062,208.33333333333334,rayleigh
574.7416829745598,1.4072968833925963,-0.33233098513930953,0.2042850178244147,208.33333333333334,rayleigh
575.8708414872799,1.5795505144972628,-0.3734571751481675,0.22855792419762636,208.33333333333334,rayleigh
577.0,1.393574166087076,-0.31760424012406957,0.21988745161524131,208.33333333333334,rayleigh
